swe_for_eng:S0017L03B01	target1	ta reda på svaret	4d1e62f5-e7a7-46e7-98a0-d83a7a4c5fc9	Ta reda på svaret.	2.628000
swe_for_eng:S0017L03B01	target2	ta reda på svaret	8fa12932-19ef-493a-b96e-7c7b1ee29834	Ta reda på svaret.	3.024000
swe_for_eng:S0017L03B02	target1	vad svaret är	d0067b84-0c5e-4f39-a8d3-877d673605d1	Vad svarat er?	2.340000
swe_for_eng:S0017L03B02	target2	vad svaret är	fe9fe9a5-93a3-435f-b3d7-fe9584b70411	Vad svarat er?	2.664000
swe_for_eng:S0017L03B03	target1	jag vill ta reda på svaret	0e6b690e-e538-4c4f-a21f-ac507df67373	Jag vill ta reda på svaret.	2.916000
swe_for_eng:S0017L03B03	target2	jag vill ta reda på svaret	59d75cd4-f03c-42d8-9b44-ff0b97938bee	Jag vill ta reda på svaret.	3.168000
swe_for_eng:S0017L03U01	target1	hon vill ta reda på vad svaret är	588789fc-f62c-4824-a468-8b7c98ecee02	Hon vill ta reda på vad svaret är.	3.132000
swe_for_eng:S0017L03U01	target2	hon vill ta reda på vad svaret är	a4426523-c438-4f8d-80cd-9957c69c537f	Hon vill ta reda på vad svaret är.	3.276000
swe_for_eng:S0017L03U02	target2	jag vill ta reda på vad svaret är	9ef14ee2-c37c-4117-ad1f-d41cffdc1231	Jag vill ta reda på vad svaret är.	3.420000
swe_for_eng:S0017L03U02	target1	jag vill ta reda på vad svaret är	d8ae2b67-98aa-439e-b204-c524d5986436	Jag vill ta reda på vad svaret är.	3.276000
swe_for_eng:S0017L03U03	target1	jag är inte säker på om jag kan komma ihåg svaret	25904c87-d625-46ac-be47-cd1a7d666840	Jag är inte säker på om jag kan komma ihåg svaret.	4.176000
swe_for_eng:S0017L03U03	target2	jag är inte säker på om jag kan komma ihåg svaret	fea3cc89-e4e6-48ed-9d9c-bf8591ad1395	Jag är inte säker på om jag kan komma ihåg svaret.	4.356000
swe_for_eng:S0017L03U04	target1	han vill ta reda på vad svaret är	9324009e-32f7-4853-80f2-cab39cd96ea1	Han vill ta reda på vad svaret är.	3.276000
swe_for_eng:S0017L03U04	target2	han vill ta reda på vad svaret är	458d1c51-3fa8-4587-bce7-d1a3c5807be4	Han vill ta reda på vad svaret är.	3.492000
swe_for_eng:S0017L03U05	target1	jag skulle vilja ta reda på vad svaret är	b996facf-05d4-45a7-9901-a6e4d4ca0496	Jag skulle vilja ta reda på vad svaret är.	3.600000
swe_for_eng:S0017L03U05	target2	jag skulle vilja ta reda på vad svaret är	ee5aefa2-7114-4eb8-b755-3c05365ab54f	Jag skulle vilja ta reda på vad svaret är.	3.852000
swe_for_eng:S0066L02B01	target2	jag vill hitta	54350915-8d58-495d-a231-1f8949f3e396	Jag vill hitta.	2.196000
swe_for_eng:S0066L02B01	target1	jag vill hitta	85c779c5-5582-4d53-a01c-e1f88ef23f1a	Jag vill hitta.	2.268000
swe_for_eng:S0066L02B02	target1	hon behöver hitta	c1674ccc-b56a-45b9-b2ca-a662ae81de5f	Hon behöver hitta.	2.448000
swe_for_eng:S0066L02B02	target2	hon behöver hitta	da084e97-feea-4591-b3fd-dcaf70a35e36	Hon behöver hitta.	2.592000
swe_for_eng:S0066L02B03	target1	jag ska hitta	249d3f23-852e-43df-b212-f8250c3b794b	Jag ska hitta.	2.160000
swe_for_eng:S0066L02B03	target2	jag ska hitta	2ba1121e-cff3-465d-a6fe-e4312c4ed01b	Jag ska hitta.	2.160000
swe_for_eng:S0066L02U01	target2	det är inte svårt att hitta svaret	2303a290-1aca-471a-8ccd-7fd3a965d91a	Det är inte svårt att hitta svaret.	3.240000
swe_for_eng:S0066L02U01	target1	det är inte svårt att hitta svaret	a9b95cd5-fbb1-4568-8e16-bea68a56cd84	Det är inte svårt att hitta svaret.	3.096000
swe_for_eng:S0066L02U02	target1	behöver du hitta något?	ed4f7357-f5c2-4847-b39a-8384c3b05870	Behöver du hitta något?	2.700000
swe_for_eng:S0066L02U02	target2	behöver du hitta något?	0a74c09c-3646-45c0-b242-ead7547ec1df	Behöver du hitta något?	2.736000
swe_for_eng:S0066L02U03	target2	jag tänkte på hur man kan hitta svaret	a8ea52e6-4e32-4bd4-803f-7a554d94c376	Jag tänkte på hur man kan hitta svaret.	3.492000
swe_for_eng:S0066L02U03	target1	jag tänkte på hur man kan hitta svaret	a3a7b4cb-850b-410b-b5f0-64520a0e4f2e	Jag tänkte på hur man kan hitta svaret.	3.528000
swe_for_eng:S0066L02U04	target2	det är viktigt att hitta svaret sig själv	7d9ce086-a87a-41d0-819a-00a182ddeaaa	Det är viktigt att hitta svaret sig själv.	3.564000
swe_for_eng:S0066L02U04	target1	det är viktigt att hitta svaret sig själv	9180b342-7096-4a6f-9ae7-b7b3fe1f9f4e	Det är viktigt att hitta svaret sig själv.	3.348000
swe_for_eng:S0066L02U05	target1	hon vill hitta något intressant	603f8862-cc12-42b0-b1fc-3cb7ed523179	Hon vill hitta något intressant.	3.132000
swe_for_eng:S0066L02U05	target2	hon vill hitta något intressant	a42d660b-5eae-424a-9316-38847c7cfc15	Hon vill hitta något intressant.	3.348000
swe_for_eng:S0075L01B01	target1	lära dig	0d12e97d-76a1-45b2-b073-b7145a3a3d55	La radei	1.944000
swe_for_eng:S0075L01B01	target2	lära dig	efe76174-9df1-4743-a073-5f07c1001b5b	Lära dig!	2.052000
swe_for_eng:S0075L01B02	target2	vill du lära dig	5628bef3-e36e-41e9-8c16-73d470e3dd0f	Vill du lära dig?	2.556000
swe_for_eng:S0075L01B02	target1	vill du lära dig	222333d3-1393-4582-8f93-cfbb69faa293	Vill du lära dig?	2.376000
swe_for_eng:S0075L01B03	target1	du ville lära dig	371ce88b-1dc4-40ed-9863-c27fd29d6107	Du ville lära dig.	2.376000
swe_for_eng:S0075L01B03	target2	du ville lära dig	8ebcf891-584e-4e7d-b9c4-6a0071695e35	Du ville lära dig.	2.556000
swe_for_eng:S0075L01C01	target1	lära	cac8c8f1-5a97-4be9-bc2b-cd88341aec9b	Lara	1.728000
swe_for_eng:S0075L01C01	target2	lära	0ed18f19-5171-430a-8dcc-cd3009daa8eb	Lära	1.800000
swe_for_eng:S0075L01C02	target1	dig	6332830d-b654-4610-b0ab-d5dbbba1b254	Dej.	1.548000
swe_for_eng:S0075L01C02	target2	dig	92d63de1-8f19-4d49-a02b-1a84e8d6949b	Dej.	1.548000
swe_for_eng:S0075L01U01	target1	har du mer att lära dig?	6359e668-1385-49b5-8715-dbdd6b0fb655	Har du mer att lära dig?	2.520000
swe_for_eng:S0075L01U01	target2	har du mer att lära dig?	d9a34bb0-e1c7-4eb1-9ddb-25bd2f0e4bf3	Har du mer att lära dig?	2.736000
swe_for_eng:S0075L01U02	target1	vill du lära dig mer svenska?	9c98319b-b7ac-4f16-b185-9b6be90e3709	Vill du lära dig mer svenska?	2.952000
swe_for_eng:S0075L01U02	target2	vill du lära dig mer svenska?	4aa91978-7245-4eb9-b122-3b612bc8331a	Vill du lära dig mer svenska?	3.060000
swe_for_eng:S0075L01U03	target1	det är roligt att lära dig svenska	0296f188-e56f-420f-ba73-9189d5cd9183	Det är roligt att lära dig svenska.	3.060000
swe_for_eng:S0075L01U03	target2	det är roligt att lära dig svenska	dffbb12a-15d3-4b24-a96e-69bbf28ab3c7	Det är roligt att lära dig svenska.	3.168000
swe_for_eng:S0075L01U04	target2	jag tror att det är viktigt att lära dig så mycket som möjligt	9f82d645-892a-475b-a672-cb30f3a82d26	Jag tror att det är viktigt att lära dig så mycket som möjligt.	4.392000
swe_for_eng:S0075L01U04	target1	jag tror att det är viktigt att lära dig så mycket som möjligt	4bec374c-aac0-4ba4-b5ad-bad3b3124cb7	Jag tror att det är viktigt att lära dig så mycket som möjligt.	4.284000
swe_for_eng:S0075L01U05	target2	har du mer att lära dig idag?	ddfcdea7-8d49-4eb0-9bbd-5e89a5440c69	Har du mer att lära dig idag?	3.024000
swe_for_eng:S0075L01U05	target1	har du mer att lära dig idag?	f06a9c61-014d-4b62-8d38-f3126493dc73	Har du mer att lära dig idag?	2.880000
swe_for_eng:S0076L01B01	target2	jag är nöjd	cd161e1a-cc68-497b-8f5d-b9013c622d33	Jag är nöjd.	2.340000
swe_for_eng:S0076L01B01	target1	jag är nöjd	26f9339f-9aa3-4061-ad8a-80c718cd06ce	Jag är nöjd.	2.232000
swe_for_eng:S0076L01B02	target2	är du nöjd?	faf27c5c-192f-42a7-8b24-801808b96284	Är du nöjd?	2.124000
swe_for_eng:S0076L01B02	target1	är du nöjd?	1f952274-ce6d-4379-a37a-5976d2491a26	Är du nöjd?	1.944000
swe_for_eng:S0076L01B03	target1	hon är inte nöjd	a30be014-e366-4532-9634-8b52c5074ee1	Hon är inte nöjd.	2.268000
swe_for_eng:S0076L01B03	target2	hon är inte nöjd	2b8a3a77-b7fe-44f9-a061-90ddfae315c9	Hon är inte nöjd.	2.520000
swe_for_eng:S0076L01U01	target2	jag är väldigt nöjd med hur mycket jag har lärt mig	fad39075-1fb1-4d98-8ff2-86a9a9e0b49a	Jag är väldigt nöjd med hur mycket jag har lärt mig.	3.708000
swe_for_eng:S0076L01U01	target1	jag är väldigt nöjd med hur mycket jag har lärt mig	6046a27c-52f6-47f3-aefd-5baa6d679696	Jag är väldigt nöjd med hur mycket jag har lärt mig.	3.600000
swe_for_eng:S0076L01U02	target1	är du nöjd med svenska nu?	719afc36-baa7-4919-baba-22f438ba9f43	Är du nöjd med svenska nu?	2.736000
swe_for_eng:S0076L01U02	target2	är du nöjd med svenska nu?	0b9cb8c9-ab14-4ae5-a8a3-dbf8898e2245	Är du nöjd med svenska nu?	2.988000
swe_for_eng:S0076L01U03	target1	jag är nöjd när jag förstår mer ord	f61b36ca-d7e3-49b9-87bc-55281600108b	Jag är nöjd när jag förstår mer ord.	3.312000
swe_for_eng:S0076L01U03	target2	jag är nöjd när jag förstår mer ord	be782987-a533-4cb1-a284-76a4be1d4f3a	Jag är nöjd när jag förstår mer ord.	3.528000
swe_for_eng:S0076L01U04	target1	hon är väldigt nöjd med vad hon gör	97ea7dbf-63a1-4a38-95c7-d4dad3377aff	Hon är väldigt nöjd med vad hon gör.	3.204000
swe_for_eng:S0076L01U04	target2	hon är väldigt nöjd med vad hon gör	8c3b1ffd-8933-41ed-8155-1535f4bb1d9d	Hon är väldigt nöjd med vad hon gör.	3.600000
swe_for_eng:S0076L01U05	target1	jag är inte nöjd med hur jag pratar svenska ännu	20bd0d38-edfe-4432-ac83-15790a799e06	Jag är inte nöjd med hur jag pratar svenska ännu.	3.708000
swe_for_eng:S0076L01U05	target2	jag är inte nöjd med hur jag pratar svenska ännu	311ede29-ee5b-4cf4-9018-930f66f47cb1	Jag är inte nöjd med hur jag pratar svenska ännu.	3.924000
swe_for_eng:S0076L02B01	target1	redan	28ba4cf2-bf19-4ca4-994f-19334553202c	Redam	1.908000
swe_for_eng:S0076L02B01	target2	redan	c6ddd470-22d6-4814-8abb-8a021f7270cf	Redan.	1.872000
swe_for_eng:S0076L02B02	target1	jag har redan lärt mig	219bac52-eb7e-4c6b-ab56-6fb98e771199	Jag har redan lärt mig.	2.448000
swe_for_eng:S0076L02B02	target2	jag har redan lärt mig	1174b6e4-3b02-4f18-adfc-ebb03f9a3249	Jag har redan lärt mig.	2.592000
swe_for_eng:S0076L02B03	target1	hon har redan lärt sig svenska	44a601ff-58fb-4a63-bb3c-3012b156a787	Hon har redan lärt sig svenska.	3.060000
swe_for_eng:S0076L02B03	target2	hon har redan lärt sig svenska	0f15936c-5fa9-433f-a914-553004dfe117	Hon har redan lärt sig svenska.	3.240000
swe_for_eng:S0076L02U01	target1	jag är väldigt nöjd med hur mycket jag redan har lärt mig	80971b5e-ae56-4826-90bb-db8ae799fe90	Jag är väldigt nöjd med hur mycket jag redan har lärt mig.	3.852000
swe_for_eng:S0076L02U01	target2	jag är väldigt nöjd med hur mycket jag redan har lärt mig	f4afdf4b-b42a-413d-9306-3f40590215b1	Jag är väldigt nöjd med hur mycket jag redan har lärt mig.	3.924000
swe_for_eng:S0076L02U02	target1	jag har redan lärt mig svenska i en vecka	b0772114-dead-4b38-bd37-2b74cf60d4d3	Jag har redan lärt mig svenska i en vecka.	3.600000
swe_for_eng:S0076L02U02	target2	jag har redan lärt mig svenska i en vecka	51c63278-fc45-4b00-bc7b-657f800b79a1	Jag har redan lärt mig svenska i en vecka.	3.600000
swe_for_eng:S0076L02U03	target1	hon letar redan efter svaret	779de871-6dd7-46e1-a63e-8cf358f53a89	Hon letar redan efter svaret.	3.204000
swe_for_eng:S0076L02U03	target2	hon letar redan efter svaret	8b482f66-6a90-44a2-8ae8-e7db387a82b7	Hon letar redan efter svaret.	3.600000
swe_for_eng:S0076L02U04	target1	har du redan lärt dig mycket?	ec34040e-5254-425c-b491-afc7db63f3f9	Har du redan lärt dig mycket?	2.880000
swe_for_eng:S0076L02U04	target2	har du redan lärt dig mycket?	d9b822d1-5648-414b-8711-71c665ba11c9	Har du redan lärt dig mycket?	3.024000
swe_for_eng:S0076L02U05	target1	jag är redan nöjd med vad jag vet	c563d0ca-a9db-4505-a7a6-16912ebbb743	Jag är redan nöjd med vad jag vet.	3.060000
swe_for_eng:S0076L02U05	target2	jag är redan nöjd med vad jag vet	41eaf471-108d-46eb-b303-c2512c303e8c	Jag är redan nöjd med vad jag vet.	3.312000
